Name,Icon
"Kuramon",Kuramon-icon.png
"Pabumon",Pabumon-icon.png
"Punimon",Punimon-icon.png
"Botamon",Botamon-icon.png
"Poyomon",Poyomon-icon.png
"Arcadiamon In-Tr.",Arcadiamon In-Tr.-icon.png
"Koromon",Koromon-icon.png
"Tanemon",Tanemon-icon.png
"Tsunomon",Tsunomon-icon.png
"Tsumemon",Tsumemon-icon.png
"Tokomon",Tokomon-icon.png
"Nyaromon",Nyaromon-icon.png
"Pagumon",Pagumon-icon.png
"Yokomon",Yokomon-icon.png
"Bukamon",Bukamon-icon.png
"Motimon",Motimon-icon.png
"Wanyamon",Wanyamon-icon.png
"Agumon",Agumon-icon.png
"Agumon (Blk)",Agumon Blk-icon.png
"Arcadiamon Rookie",Arcadiamon Rookie-icon.png
"Armadillomon",Armadillomon-icon.png
"Impmon",Impmon-icon.png
"Elecmon",Elecmon-icon.png
"Otamamon",Otamamon-icon.png
"Gaomon",Gaomon-icon.png
"Gazimon",Gazimon-icon.png
"Gabumon",Gabumon-icon.png
"Gabumon (Blk)",Gabumon Blk-icon.png
"Guilmon",Guilmon-icon.png
"Kudamon",Kudamon-icon.png
"Keramon",Keramon-icon.png
"Gotsumon",Gotsumon-icon.png
"Goblimon",Goblimon-icon.png
"Gomamon",Gomamon-icon.png
"Syakomon",Syakomon-icon.png
"Zubamon",Zubamon-icon.png
"Solarmon",Solarmon-icon.png
"Chuumon",Chuumon-icon.png
"Terriermon",Terriermon-icon.png
"Tentomon",Tentomon-icon.png
"ToyAgumon",ToyAgumon-icon.png
"Dracmon",Dracmon-icon.png
"Dracomon",Dracomon-icon.png
"Dorumon",Dorumon-icon.png
"Hagurumon",Hagurumon-icon.png
"Patamon",Patamon-icon.png
"Hackmon",Hackmon-icon.png
"Palmon",Palmon-icon.png
"DemiDevimon",DemiDevimon-icon.png
"Biyomon",Biyomon-icon.png
"Falcomon",Falcomon-icon.png
"FanBeemon",FanBeemon-icon.png
"Veemon",Veemon-icon.png
"Salamon",Salamon-icon.png
"Betamon",Betamon-icon.png
"Hawkmon",Hawkmon-icon.png
"Mushroomon",Mushroomon-icon.png
"Monodramon",Monodramon-icon.png
"Lalamon",Lalamon-icon.png
"Lucemon",Lucemon FM-icon.png
"Lunamon",Lunamon-icon.png
"Renamon",Renamon-icon.png
"Lopmon",Lopmon-icon.png
"Wormmon",Wormmon-icon.png
"IceDevimon",IceDevimon-icon.png
"Icemon",Icemon-icon.png
"Aquilamon",Aquilamon-icon.png
"Agunimon",Agunimon-icon.png
"Arcadiamon Champion",Arcadiamon Champion-icon.png
"Ankylomon",Ankylomon-icon.png
"Ikkakumon",Ikkakumon-icon.png
"Wizardmon",Wizardmon-icon.png
"Lobomon",Lobomon-icon.png
"Woodmon",Woodmon-icon.png
"Airdramon",Airdramon-icon.png
"ExVeemon",ExVeemon-icon.png
"Angemon",Angemon-icon.png
"Ogremon",Ogremon-icon.png
"Guardromon",Guardromon Gold-icon.png
"Guardromon (Gold)",Guardromon Gold-icon.png
"GaoGamon",GaoGamon-icon.png
"Kabuterimon",Kabuterimon-icon.png
"ShellNumemon",ShellNumemon-icon.png
"Gargomon",Gargomon-icon.png
"Garurumon",Garurumon-icon.png
"Garurumon (Blk)",Garurumon Blk-icon.png
"Kyubimon",Kyubimon-icon.png
"Growlmon",Growlmon-icon.png
"Kurisarimon",Kurisarimon-icon.png
"Greymon",Greymon-icon.png
"Greymon (Blue)",Greymon Blue-icon.png
"Clockmon",Clockmon-icon.png
"Kuwagamon",Kuwagamon-icon.png
"Gekomon",Gekomon-icon.png
"Geremon",Geremon-icon.png
"Coredramon (Blue)",Coredramon Blue-icon.png
"Coredramon (Green)",Coredramon Green-icon.png
"GoldNumemon",GoldNumemon-icon.png
"Golemon",Golemon-icon.png
"Cyclonemon",Cyclonemon-icon.png
"Sangloupmon",Sangloupmon-icon.png
"Sunflowmon",Sunflowmon-icon.png
"Seadramon",Seadramon-icon.png
"Coelamon",Coelamon-icon.png
"GeoGreymon",GeoGreymon-icon.png
"Sukamon",Sukamon-icon.png
"Starmon",Starmon-icon.png
"Stingmon",Stingmon-icon.png
"Strikedramon",Strikedramon-icon.png
"Zubaeagermon",Zubaeagermon-icon.png
"Socerimon",Socerimon-icon.png
"Tankmon",Tankmon-icon.png
"MudFrigimon",MudFrigimon-icon.png
"Tyrannomon",Tyrannomon-icon.png
"Gatomon",Gatomon-icon.png
"Devimon",Devimon-icon.png
"Turuiemon",Turuiemon-icon.png
"Togemon",Togemon-icon.png
"Dorugamon",Dorugamon-icon.png
"Nanimon",Nanimon-icon.png
"Numemon",Numemon-icon.png
"Birdramon",Birdramon-icon.png
"BaoHuckmon",BaoHuckmon-icon.png
"Bakemon",Bakemon-icon.png
"Veedramon",Veedramon-icon.png
"Hudiemon",Hudiemon-icon.png
"PlatinumSukamon",PlatinumSukamon-icon.png
"BlackGatomon",BlackGatomon-icon.png
"Vegiemon",Vegiemon-icon.png
"Peckmon",Peckmon-icon.png
"Meramon",Meramon-icon.png
"Monochromon",Monochromon-icon.png
"Frigimon",Frigimon-icon.png
"Unimon",Unimon-icon.png
"Raptordramon",Raptordramon-icon.png
"Raremon",Raremon-icon.png
"Leomon",Leomon-icon.png
"Lekismon",Lekismon-icon.png
"Reppamon",Reppamon-icon.png
"Waspmon",Waspmon-icon.png
"MegaKabuterimon",MegaKabuterimon-icon.png
"Arcadiamon Ultimate",Arcadiamon Ultimate-icon.png
"Antylamon",Antylamon-icon.png
"Andromon",Andromon-icon.png
"Meteormon",Meteormon-icon.png
"Infermon",Infermon-icon.png
"Myotismon",Myotismon-icon.png
"Wingdramon",Wingdramon-icon.png
"BurningGreymon",BurningGreymon-icon.png
"AeroVeedramon",AeroVeedramon-icon.png
"Etemon",Etemon-icon.png
"Angewomon",Angewomon-icon.png
"Okuwamon",Okuwamon-icon.png
"Garudamon",Garudamon-icon.png
"KendoGarurumon",KendoGarurumon-icon.png
"Gigadramon",Gigadramon-icon.png
"CatchMamemon",CatchMamemon-icon.png
"CannonBeemon",CannonBeemon-icon.png
"Groundramon",Groundramon-icon.png
"GrapLeomon",GrapLeomon-icon.png
"Grademon",Grademon-icon.png
"Crescemon",Crescemon-icon.png
"Cyberdramon",Cyberdramon-icon.png
"Shakkoumon",Shakkoumon-icon.png
"Cherrymon",Cherrymon-icon.png
"Silphymon",Silphymon-icon.png
"SuperStarmon",SuperStarmon-icon.png
"SkullGreymon",SkullGreymon-icon.png
"SkullSatamon",SkullSatamon-icon.png
"Zudomon",Zudomon-icon.png
"SaviorHuckmon",SaviorHuckmon-icon.png
"Taomon",Taomon-icon.png
"Dragomon",Dragomon-icon.png
"Chirinmon",Chirinmon-icon.png
"Dinobeemon",Dinobeemon-icon.png
"Digitamamon",Digitamamon-icon.png
"SkullMeramon",SkullMeramon-icon.png
"Duramon",Duramon-icon.png
"ShogunGekomon",ShogunGekomon-icon.png
"Triceramon",Triceramon-icon.png
"DoruGreymon",DoruGreymon-icon.png
"Knightmon",Knightmon-icon.png
"Datamon",Datamon-icon.png
"Paildramon",Paildramon-icon.png
"Panjyamon",Panjyamon-icon.png
"Pandamon",Pandamon-icon.png
"Pumpkinmon",Pumpkinmon-icon.png
"Piximon",Piximon-icon.png
"HippoGryphonmon",HippoGryphonmon-icon.png
"Phantomon",Phantomon-icon.png
"BlackKingNumemon",BlackKingNumemon-icon.png
"BlueMeramon",BlueMeramon-icon.png
"Vademon",Vademon-icon.png
"Whamon",Whamon-icon.png
"MagnaAngemon",MagnaAngemon-icon.png
"Volcanomon",Volcanomon-icon.png
"Matadormon",Matadormon-icon.png
"MachGaogamon",MachGaogamon-icon.png
"Mamemon",Mamemon-icon.png
"MegaSeadramon",MegaSeadramon-icon.png
"Megadramon",Megadramon-icon.png
"WarGrowlmon",WarGrowlmon-icon.png
"MetalGreymon",MetalGreymon-icon.png
"MetalGreymon (Blue)",MetalGreymon Blue-icon.png
"MetalTyrannomon",MetalTyrannomon-icon.png
"MetalMamemon",MetalMamemon-icon.png
"Monzaemon",Monzaemon-icon.png
"Crowmon",Crowmon-icon.png
"RizeGreymon",RizeGreymon-icon.png
"Lilamon",Lilamon-icon.png
"Rapidmon",Rapidmon Armor-icon.png
"Lillymon",Lillymon-icon.png
"Lucemon FM",Lucemon FM-icon.png
"LadyDevimon",LadyDevimon-icon.png
"WereGarurumon",WereGarurumon Blk-icon.png
"WereGarurumon (Blk)",WereGarurumon Blk-icon.png
"Wisemon",Wisemon-icon.png
"Arcadiamon Mega",Arcadiamon Mega-icon.png
"Alphamon",Alphamon NX-icon.png
"UlforceVeedramon",UlforceVeedramon-icon.png
"Ebemon",Ebemon-icon.png
"Imperialdramon DM",Imperialdramon DM-icon.png
"Imperialdramon FM",Imperialdramon FM-icon.png
"Vikemon",Vikemon-icon.png
"Valkyrimon",Valkyrimon-icon.png
"Varodurumon",Varodurumon-icon.png
"VenomMyotismon",VenomMyotismon-icon.png
"WarGreymon",WarGreymon-icon.png
"Ophanimon",Ophanimon-icon.png
"Gaiomon",Gaiomon-icon.png
"KaiserGreymon",KaiserGreymon-icon.png
"ChaosGallantmon",ChaosGallantmon-icon.png
"Chaosdramon",Chaosdramon-icon.png
"Gankoomon",Gankoomon-icon.png
"KingEtemon",KingEtemon-icon.png
"Kuzuhamon",Kuzuhamon-icon.png
"GranKuwagamon",GranKuwagamon-icon.png
"GranDracmon",GranDracmon-icon.png
"GroundLocomon",GroundLocomon-icon.png
"Gryphonmon",Gryphonmon-icon.png
"Craniamon",Craniamon-icon.png
"Kerpymon (Blk)",Kerpymon Blk-icon.png
"Kerpymon (Good)",Kerpymon Good-icon.png
"Goldramon",Goldramon-icon.png
"SaberLeomon",SaberLeomon-icon.png
"Sakuyamon",Sakuyamon-icon.png
"Jesmon",Jesmon-icon.png
"ShineGreymon",ShineGreymon BM-icon.png
"ShineGreymon BM",ShineGreymon BM-icon.png
"Justimon",Justimon-icon.png
"Kentaurosmon",Kentaurosmon-icon.png
"Slayerdramon",Slayerdramon-icon.png
"Seraphimon",Seraphimon-icon.png
"MegaGargomon",MegaGargomon-icon.png
"Darkdramon",Darkdramon-icon.png
"TigerVespamon",TigerVespamon-icon.png
"Titamon",Titamon-icon.png
"TyrantKabuterimon",TyrantKabuterimon-icon.png
"Dianamon",Dianamon-icon.png
"Diaboromon",Diaboromon-icon.png
"Creepymon",Creepymon-icon.png
"Gallantmon",Gallantmon CM-icon.png
"Dynasmon",Dynasmon-icon.png
"Durandamon",Durandamon-icon.png
"Leopardmon",Leopardmon LM-icon.png
"Leopardmon LM",Leopardmon LM-icon.png
"Dorugoramon",Dorugoramon-icon.png
"Neptunemon",Neptunemon-icon.png
"HiAndromon",HiAndromon-icon.png
"PileVolcamon",PileVolcamon-icon.png
"Barbamon",Barbamon-icon.png
"BanchoLeomon",BanchoLeomon-icon.png
"Piedmon",Piedmon-icon.png
"Puppetmon",Puppetmon-icon.png
"PlatinumNumemon",PlatinumNumemon-icon.png
"BlackWarGreymon",BlackWarGreymon-icon.png
"PrinceMamemon",PrinceMamemon-icon.png
"Brakedramon",Brakedramon-icon.png
"Plesiomon",Plesiomon-icon.png
"HerculesKabuterimon",HerculesKabuterimon-icon.png
"Beelzemon",Beelzemon BM-icon.png
"Beelzemon BM",Beelzemon BM-icon.png
"Belphemon SM",Belphemon SM-icon.png
"Hououmon",Hououmon-icon.png
"Magnadramon",Magnadramon-icon.png
"Boltmon",Boltmon-icon.png
"MagnaGarurumon",MagnaGarurumon SV-icon.png
"MagnaGarurumon (SV)",MagnaGarurumon SV-icon.png
"Mastemon",Mastemon-icon.png
"MarineAngemon",MarineAngemon-icon.png
"Minervamon",Minervamon-icon.png
"MirageGaogamon",MirageGaogamon BM-icon.png
"MirageGaogamon BM",MirageGaogamon BM-icon.png
"Machinedramon",Machinedramon-icon.png
"Megidramon",Megidramon-icon.png
"MetalEtemon",MetalEtemon-icon.png
"MetalGarurumon",MetalGarurumon-icon.png
"MetalGarurumon (Blk)",MetalGarurumon Blk-icon.png
"MetalSeadramon",MetalSeadramon-icon.png
"Merukimon",Merukimon-icon.png
"RustTyranomon",RustTyranomon-icon.png
"Leviamon",Leviamon-icon.png
"Lilithmon",Lilithmon-icon.png
"Ravemon",Ravemon BM-icon.png
"Ravemon BM",Ravemon BM-icon.png
"Crusadermon",Crusadermon NX-icon.png
"Rosemon",Rosemon BM-icon.png
"Rosemon BM",Rosemon BM-icon.png
"Lotosmon",Lotosmon-icon.png
"Armageddemon",Armageddemon-icon.png
"Arcadiamon Ultra",Arcadiamon Ultra-icon.png
"Alphamon Ouryuken",Alphamon Ouryuken-icon.png
"Imperialdramon PM",Imperialdramon PM-icon.png
"Examon",Examon-icon.png
"Omnimon",Omnimon NX-icon.png
"Omnimon Zwart",Omnimon Zwart-icon.png
"Chaosmon",Chaosmon VA-icon.png
"Chaosmon VA",Chaosmon VA-icon.png
"Susanomon",Susanomon-icon.png
"Gallantmon CM",Gallantmon CM-icon.png
"Belphemon RM",Belphemon RM-icon.png
"Lucemon SM",Lucemon SM-icon.png
"Flamedramon",Flamedramon-icon.png
"Magnamon",Magnamon-icon.png
"Rapidmon (Armor)",Rapidmon Armor-icon.png
"Shoutmon",Shoutmon-icon.png
"OmniShoutmon",OmniShoutmon-icon.png
"Ryudamon",Ryudamon-icon.png
"Ginryumon",Ginryumon-icon.png
"Hisyaryumon",Hisyaryumon-icon.png
"Ouryumon",Ouryumon-icon.png
"Apocalymon",Apocalymon-icon.png
"Sistermon Blanc",Sistermon Blanc-icon.png
"Sistermon B (Awake.)",Sistermon B Awake.-icon.png
"Sistermon Ciel",Sistermon Ciel-icon.png
"Sistermon C (Awake.)",Sistermon C Awake.-icon.png
"Alphamon NX",Alphamon NX-icon.png
"Alphamon NX",Alphamon NX-icon.png
"Crusadermon NX",Crusadermon NX-icon.png
"Leopardmon NX",Leopardmon NX-icon.png
"Omnimon NX",Omnimon NX-icon.png
"Gallantmon NX",Gallantmon NX-icon.png
"Gallantmon NX",Gallantmon NX-icon.png